"","r"
"battery.assembly.kWh",0
"inverter.count",0
"transformer.count",0
"Switchgear.count",0
"Conductor.ft",0
"Conduit.ft",0
"BMS.kg",0
"Fire.cont",0
"HVAC.cont",0
"Battcont.cont",0
"Invcont.cont",0
"Found.quant",4.49577539311166e-06
"Rack.cont",0
"coal_combustion.MJ",0
"purchased.electricity.cycle",0
"sold.electricity.cycle",0
"NMC-111.kg",0
"NMC-532.kg",0
"NMC-622.kg",0
"NMC-811.kg",0
"LFP-HT.kg",3.67138566003627e-05
"LFP-SS.kg",0
"NCA.kg",0
"LMO.kg",4.14274706923064e-05
"LiPF6.kg",1.29997189106963e-05
"PVFD.kg",1.69780584996445e-05
"ethylene.carbonate.kg",2.56241009275947e-07
"dimethyl.carbonate.kg",1.48520233469469e-06
"graphite.kg",0
"graphite.carbonization.kg",6.01517882240116e-06
"graphite.graphitization.kg",0
"HDPE.kg",4.44195262775136e-05
"LDPE.kg",4.85522299464203e-05
"LLDPE.kg",4.4470248375029e-05
"PP.kg",7.03382537319882e-05
"PET.kg",3.32992059335309e-05
"NMP.kg",2.02433902676962e-06
"carbon.black.kg",1.49375204833402e-05
"NMC-111(OH)2.kg",4.51231887652463e-05
"NMC-532(OH)2.kg",4.51231887652463e-05
"NMC-622(OH)2.kg",4.51231887652463e-05
"NMC-811(OH)2.kg",4.51231887652463e-05
"NCA(OH)2.kg",4.51231887652463e-05
"Li2CO3.Chile.kg",7.09998511880157e-06
"LiOH.Chile.kg",3.04608211114602e-05
"MnSO4.kg",0
"NH4OH.kg",0
"Mn2O3.kg",2.92183689104207e-06
"MnO.kg",0
"CoSO4.kg",1.19183688495731e-05
"Al2(SO4)3.kg",0
"Fe3O4.kg",6.04994130193952e-07
"FeSO4.kg",0
"NiSO4.class1Ni.kg",7.71176772102713e-07
"NiSO4.MHP.kg",0
"niso4.mhp.mining.kg",0
"niso4.mhp.beneficiation.kg",1.95769474803926e-05
"niso4.mhp.refining.kg",1.88711629932153e-06
"NiSO4.Generic.kg",0
"niso4.generic.mining.kg",0.00047649201629877
"niso4.generic.beneficiation.kg",4.08128223901409e-06
"niso4.generic.primary.extraction.kg",4.42633734708136e-05
"niso4.generic.nickel.refining.kg",8.73579342140798e-06
"class1Ni.kg",0
"class1Ni.ni.mining.kg",0.000816795368426506
"class1Ni.beneficiation.kg",4.31445196812117e-05
"class1Ni.primary.extraction.kg",0.000126838575772307
"class1Ni.ni.refining.kg",6.53826226723325e-05
"soda.ash.kg",1.5273749565965e-06
"GBL.kg",8.17914758290757e-07
"methylamine.kg",9.34452421501678e-06
"diammonium.phosphate.kg",2.71080319890651e-08
"phosphoric.acid.kg",0
"copper.kg",0
"copper.ore.mining.US.kg",0
"copper.smelting.US.kg",0
"copper.drawing.wire.US.kg",0
"glass.fiber.kg",0
"glass.batch.preparation.kg",0
"glass.melting.kg",0
"glass.forming.kg",0
"glass.post.forming.kg",0
"epoxy.resin.kg",0.00175598141503662
"nylon.kg",0.00247670210596516
"PC.kg",0
"stainless.steel.machined.kg",1.56360610018905e-07
"ferronickel.kg",0
"ferrochromium.kg",0
"porcelain.kg",0
"mpp.pnw.m3",0
"lvl.pnw.m3",0
"pig.iron.kg",0
"pig.iron.cupola.smelting.kg",0
"pig.iron.core.prod.kg",0
"pig.iron.moulding.kg",0
"pig.iron.cleaning.kg",0
"pig.iron.other.kg",0
"raw.iron.kg",0
"coke.kg",0
"sf6.kg",0
"HFC.227ea.kg",0
"R410a.kg",0
"R32.kg",0
"R407.kg",0
"R454B.kg",0
"R1234yf.kg",0
"transformer.oil.kg",0.012313
"atrazine.kg",0.000156342916
"atrazine_brazil.kg",0.0200068503696488
"glyphosate.kg",0
"insecticide.kg",0.0406490701606
"insecticide_brazil.kg",0.029359526830749
"cellulase.kg",0.01596381105033
"alpha_amylase.kg",0.00281854494064
"gluco_amylase.kg",0.01199519301739
"lime.kg",9.53848228e-07
"caco3.kg",5.14608185101751e-08
"caco3_brazil.kg",1.18829018e-05
"h2so4.kg",0.00168446928255856
"hcl.kg",0.00111
"naoh.kg",8.08884e-06
"csl.kg",2.0034e-06
"dap.kg",2.46087704824346e-07
"glucose.kg",1.59e-07
"corn_starch.kg",0.00138645134639
"molasses.kg",0.00060432051361
"k2o.kg",0.00089137306071
"k2o_brazil.kg",0.00054949381883
"ammonia_conventional.kg",9.41467758141884e-06
"ammonia_green.kg",0
"ammonia_brazil.kg",0.00769194673775
"n.kg",0.00038109832937
"urea.kg",0.00110831979412
"urea_brazil.kg",2.76501516429449e-05
"sbm.kg",0.00032760322507
"p2o5.kg",0.00012855359682
"p.kg",3.20713070828196e-06
"yeast.kg",8.00108875553839e-08
"corn_oil.kg",0.000155979
"nacl.kg",0.00039972516375
"coal.MJ",0.000139329
"diesel.MJ",3.93020491970779e-08
"rfo.MJ",8.73836824811026e-06
"ethylene.MJ",9.76522446820743e-07
"propene.MJ",9.23352601453844e-07
"acetone.kg",0.017104306
"crudeoil.MJ",8.23806244097089e-05
"electricity.US.kWh",7.29496910061277e-06
"electricity.NG.kWh",8.03500647524222e-06
"electricity.NGCC.kWh",7.46298448159648e-06
"electricity.Coal.kWh",1.05007345029787e-05
"electricity.WECC.kWh",3.40674873082393e-05
"electricity.MRO.kWh",7.53766543080184e-05
"electricity.SPP.kWh",6.49192988164441e-05
"electricity.TRE.kWh",3.64997053105209e-05
"electricity.SERC.kWh",4.35871601961057e-05
"electricity.RFC.kWh",4.62581770736805e-05
"electricity.NPCC.kWh",1.83844850133194e-05
"electricity.FRCC.kWh",2.981650503191e-05
"electricity.nuclear.kWh",0
"naturalgas_select.MJ",1.51628692459266e-05
"gasoline.MJ",3.11507575352399e-06
"h2.kg",0.0598
"h2.naturalgas_select.MJ",0
"naturalgas.conventional.MJ",8.69670915110493e-05
"naturalgas.shale.MJ",9.19080054688741e-05
"uranium.kg",0
"zeolite.kg",0
"farmedmiscanthus.kg",0
"farmedmi scanthus.kg",0
"ddgs_offset.kg",0
"biomass.MJ",3e-05
"stearic_acid.kg",0
"irgafos168.kg",0
"pentaerythritol.kg",0
"steel.virgin.hotrolled.kg",4.52904717002953e-06
"steel.virgin.coldrolled.kg",4.70306967212918e-06
"steel.virgin.galvanized.kg",4.70306967212918e-06
"aluminum.virgin.wrought.kg",3.54540610620933e-05
"naturalgas_combust.MJ",9.48e-07
"heat.waste.MJ",0
"N20.kg",0
"pressboard.kg",0
"paper.kg",0
"other.kg",0
"SF6.kg",0
"epdm.kg",0
"copper.tungsten.kg",0
"ptfe.kg",0
"molecular.sieve.kg",0
"concrete.cby",0
"petroleum.coke.kWh",0
"heat.waste.kWh",0
"tire.kWh",0
"solvents.kWh",0
"waste.oil.kWh",0
"renewables.kWh",0
"electricity.Solar.kWh",0
"Li2CO3.kg",0
"PM2.5 (kg)",0
"LiOH.kg",0
"O2.kg",0
"ethylene.oxide.kg",0
"coal.tar.pitch.kg",0
"LPG.kWh",0
"distillate.oil.kWh",0
"refinary.still.gas.kWh",0
"recovered.energy.kWh",0
"ethylene.kg",0
"propane.kg",0
"methylamine",0
"electricity.kWh",0
"steam.kWh",0
"NiSO4.kg",0
"Na2CO3.kg",0
"Lithium.Brine.kg",0
"Lime.kg",0
"Organic.Solvent.kg",0
"Ethanol.kg",0
"Diesel.kWh",0
"Mn.mining",0
"limestone.kg",0
"SO4.kg",0
"kerosene.kg",0
"Na2S2O5.kg",0
"NH4HCO3.kg",0
"Al(OH)3.kg",0
"class1ni.kg",0
"ni.mining.kg",0
"ni.benefication.kg",0
"ni.mhp.refining.kg",0
"steel.virgin.hot.rolled.kg",0
"sulfur.kg",0
"oxygen.kg",0
"NaClO3.kg",0
"ni.generic.mining.kg",0
"ni.generic.beneficiation.kg",0
"ni.generic.primary.extraction.kg",0
"ni.generic.nickel.refining.kg",0
"NH4NO3.kg",0
"engine.oil.kg",0
"sand.kg",0
"nitrogen.kg",0
"1.4.butanediol.kg",0
"methanol.kg",9e-04
"phosphoric.rock.kg",0
"crude.oil.feed.kWh",0
"natural.gas.feed.kWh",0
"carbon.steel.scrap.kg",0
"clays.kg",0
"deflocculant.poorcelain.kg",0
"sodium.triphosphate.kg",0
"carboxy.methyl.cellulose.kg",0
"cardboard.kg",0
"glue.kg",0
"melamine.formaldehyde.kg",0
"wood.feedstock.kg",0
"phenoformaldehyde.resin.kg",0
"catalyst.kg",0
"melamine.kg",0
"propane.kWh",0
"iron.steel.waste.kg",0
"backspacing.scrap.kg",0
"Fe.Si.75.kg",0
"bentonite.kg",0
"butane.kWh",0
"fertilizer.kg",0
"pesticides.kg",0
"herbicides.kg",0
"hexane.kg",0
"﻿diesel.MJ",0
"tankertruck.mt_km",0
"rail.mt_km",0
"﻿csl.kg",0
"ammonia.kg",0.00743673661962
"lpg.MJ",0
"flatbedtruck.mt_km",0
"cl2.kg",0
"barge.mt_km",0
"gaspipeline.mt_km",0
"liquidpipeline.mt_km",0
"na_brine.kg",0
"corn.bushel",0
"sugar_cane.wet_kg",0
"LFG.MJ (landfill gas)",0
"N-hexane.MJ",0
"butane.MJ",0
"refgas.MJ",0
"petcoke.MJ",0
"GTL.MJ",0
"﻿coal.MJ",0
"﻿electricity.NG.kWh",0
"﻿electricity.NGCC.kWh",0
"blendstock.MJ",0
"gtl.MJ",0
"﻿gaspipeline.mt_km",0
"lpg.kg",0.001
"landfill_mixedMSW.wet_kg",0.028738822
"landfill_mixedorganics.wet_kg",0.021849379
"﻿tankertruck.mt_km",0
"﻿atrazine.kg",0
"farmequip.NA",0
"﻿urea.kg",0
"glycerin.kg",0.000490399
"formaldehyde.kg",0
"lignite.MJ",0
"geothermal.MJ",0
"electricity.Hydropower.kWh",0
"electricity.Wind.kWh",0
"antimony.kg",0
"chromium.kg",0
"iron.kg",0
"lead.kg",0
"molybdenum.kg",0
"silver.kg",0
"zinc.kg",0
"ddgs.kg",0
"triethylaluminum.kg",0
"char.MJ",1.0051e-06
"petrobutanol.MJ",0
"petrohexanol.MJ",0
"electricity.Lignin.kWh",0
"electricity.Renewables.kWh",0
"farmedstover.kg",0
"farmedstraw.kg",0
"farmedbrazilcane.kg",0
"steel_domestic.kg",0
"steel_canadian.kg",0
"steel_chinese.kg",0
"concrete.cu.m",0
"cement.kg",0
"flyash.kg",0
"silica.kg",0
"ligninpellets.MJ",0
"marinetanker.mt_km",8.02e-08
"heavytruck.china.mt_km",0
"rail.china.mt_km",0
"butadiene.kg",0
"corn_grain_ethanol.MJ",0
"sugarcane_ethanol.MJ",0
"corn_grain_ethanol_rolledup.MJ",0
"sugarcane_ethanol_rolledup.MJ",0
"corn_stover_ethanol_rolledup.MJ",0
"butadiene_via_butane.kg",0
"o2.kg",0
"ethylene_oxide.kg",0
"glyoxal.kg",0
"bromine.kg",0
"manganese.kg",0
"trimethylamine.kg",0
"manganese_sulfate.kg",0
"1-methylimidazole.kg",0
"1-bromoalkane.kg",0
"ammo.chloride.kg",0
"ethyl.acetate.kg",0
"etoh.ethylene.kg",0
"acetic.acid.kg",0
"ammonium.sulfate.kg",0
"citric.acid.kg",0
"lysine.us.kg",0
"lysine.china.kg",0
"electricity.china.kWh",0.00127
"cholinium.hydroxide.kg",0
"cholinium.lysinate.kg",0
"corn.stover.kg",0
"switchgrass.kg",0
"ethylene.glycol.kg",0
"n_butanol.kg",0
"1_chloroethane.kg",0
"t_butanol.kg",0
"1_chlorobutane.kg",0
"meim.kg",0
"emimcl.kg",0
"emimaco.kg",0
"corn.stover.transportation.kg",0
"switchgrass.transportation.kg",0
"cs.ethanol.chly.production.kg",0
"sg.ethanol.chly.production.kg",0
"cs.ethanol.emimoac.production.kg",0
"sg.ethanol.emimoac.production.kg",0
"cs.ethanol.chly.distribution.kg",0
"sg.ethanol.chly.distribution.kg",0
"sorghum.kg",0
"inoculum.kg",0
"emim_acetate.kg",0
"landfill_cardboard.wet_kg",0.041809081
"landfill_magazines.wet_kg",0.019132969
"landfill_newspaper.wet_kg",0.015172523
"landfill_officepaper.wet_kg",0.057871327
"landfill_phonebooks.wet_kg",0.015172523
"landfill_textbooks.wet_kg",0.057871327
"landfill_lumber.wet_kg",0.002421147
"landfill_fiberboard.wet_kg",0.000787365
"landfill_foodwaste.wet_kg",0.0270144929999999
"landfill_foodwaste_nonmeat.wet_kg",0.0270144929999999
"landfill_foodwaste_meat.wet_kg",0.0270144929999999
"landfill_beef.wet_kg",0.0270144929999999
"landfill_poultry.wet_kg",0.0270144929999999
"landfill_grains.wet_kg",0.0270144929999999
"landfill_bread.wet_kg",0.0270144929999999
"landfill_fruit_vegetables.wet_kg",0.0270144929999999
"landfill_dairy_products.wet_kg",0.0270144929999999
"landfill_yard_trimmings.wet_kg",0.015231576
"landfill_grass.wet_kg",0.01144435
"landfill_leaves.wet_kg",0.011381361
"landfill_branches.wet_kg",0.024054001
"landfill_mixedpaper.wet_kg",0.036226663
"landfill_residentialpaper.wet_kg",0.035856602
"landfill_mixedofficepaper.wet_kg",0.034364545
"landfill_mixedrecyclables.wet_kg",0.035738497
"landfill_inorganics_wet.kg",0
"biochar_ag_application.kg",-0.000129199
"organics_composting_wet.kg",0.001462
"compost_application.kg",0
"landfill_CO2_sequestration.kg",0
"polymers_WWT.kg",0
"ferric_chloride.kg",0
"calcium_hypochlorite.kg",0
"biosolids_land_application_dry.kg",0.133333333333333
"biogas_flare.m3",0
"biogas_CHP.m3",0.00567
"biogas_biofilter.m3",0.0325
"outdoor_compost.wet_kg",0.00446
"Landfill_flare_m3",0
"Compost_CO2_seq.kg",0
"diesel_combust.MJ",0
"Ag_residues_burning.kg",0
"alumina.kg",0.00353624097839235
"﻿pentaerythritol.kg",0
"﻿irgafos168.kg",0
"Gasification.kWh",8.72e-05
"Liquid_Digestate_Treatment.m3",0
"lipase.kg",0
"PETE.kg",0
"PVC.kg",0
"polypropylene.kg",0
"polysterene.kg",0
"uranium.g",0
"naturalgas.MJ",0
