"","r"
"battery.assembly.kWh",0
"inverter.count",0
"transformer.count",0
"Switchgear.count",0
"Conductor.ft",0
"Conduit.ft",0
"BMS.kg",0
"Fire.cont",0
"HVAC.cont",0
"Battcont.cont",0
"Invcont.cont",0
"Found.quant",0.000124600979954475
"Rack.cont",0
"coal_combustion.MJ",0
"purchased.electricity.cycle",0
"sold.electricity.cycle",0
"NMC-111.kg",0
"NMC-532.kg",0
"NMC-622.kg",0
"NMC-811.kg",0
"LFP-HT.kg",0.00076925920291892
"LFP-SS.kg",0
"NCA.kg",0
"LMO.kg",0.000726797731443972
"LiPF6.kg",0.000144912063140374
"PVFD.kg",0.000326403082061542
"ethylene.carbonate.kg",5.3689743547347e-06
"dimethyl.carbonate.kg",3.17379096876602e-05
"graphite.kg",0
"graphite.carbonization.kg",0.000141697184146563
"graphite.graphitization.kg",0
"HDPE.kg",0.000468384844933249
"LDPE.kg",0.000415279987572497
"LLDPE.kg",0.00046452493018819
"PP.kg",0.000168191713759502
"PET.kg",0.000503913686346229
"NMP.kg",4.24156318722201e-05
"carbon.black.kg",0.000110758082117506
"NMC-111(OH)2.kg",0.000945458511769926
"NMC-532(OH)2.kg",0.000945458511769926
"NMC-622(OH)2.kg",0.000945458511769926
"NMC-811(OH)2.kg",0.000945458511769926
"NCA(OH)2.kg",0.000945458511769926
"Li2CO3.Chile.kg",0.000124561142435115
"LiOH.Chile.kg",0.000534400370376494
"MnSO4.kg",0
"NH4OH.kg",0
"Mn2O3.kg",0.000137822494860475
"MnO.kg",0
"CoSO4.kg",0.000280756292616831
"Al2(SO4)3.kg",0
"Fe3O4.kg",8.98196508981079e-06
"FeSO4.kg",0
"NiSO4.class1Ni.kg",1.61583359513219e-05
"NiSO4.MHP.kg",0
"niso4.mhp.mining.kg",0
"niso4.mhp.beneficiation.kg",0.000410192456169359
"niso4.mhp.refining.kg",3.95404273659728e-05
"NiSO4.Generic.kg",0
"niso4.generic.mining.kg",0.000475729268484377
"niso4.generic.beneficiation.kg",6.82709808804158e-05
"niso4.generic.primary.extraction.kg",0.00355182514898571
"niso4.generic.nickel.refining.kg",0.00109686662174198
"class1Ni.kg",0
"class1Ni.ni.mining.kg",0.00451703675139029
"class1Ni.beneficiation.kg",0.00125294387619725
"class1Ni.primary.extraction.kg",0.00740861650641931
"class1Ni.ni.refining.kg",0.00213144488476661
"soda.ash.kg",0.000495462304105557
"GBL.kg",1.71376290392809e-05
"methylamine.kg",0.000195794229071248
"diammonium.phosphate.kg",6.03281579832118e-07
"phosphoric.acid.kg",3.93260470576564e-05
"copper.kg",0
"copper.ore.mining.US.kg",0
"copper.smelting.US.kg",0
"copper.drawing.wire.US.kg",0
"glass.fiber.kg",0
"glass.batch.preparation.kg",0
"glass.melting.kg",0
"glass.forming.kg",0
"glass.post.forming.kg",0
"epoxy.resin.kg",0.000393101737793284
"nylon.kg",0.00556673225417087
"PC.kg",0
"stainless.steel.machined.kg",0.00346008209461135
"ferronickel.kg",0
"ferrochromium.kg",0
"porcelain.kg",0
"mpp.pnw.m3",0
"lvl.pnw.m3",0.046
"pig.iron.kg",0
"pig.iron.cupola.smelting.kg",0.002242
"pig.iron.core.prod.kg",0
"pig.iron.moulding.kg",0
"pig.iron.cleaning.kg",0
"pig.iron.other.kg",1e-05
"raw.iron.kg",0
"coke.kg",6.51465798045603e-07
"sf6.kg",0
"HFC.227ea.kg",0
"R410a.kg",0
"R32.kg",0
"R407.kg",0
"R454B.kg",0
"R1234yf.kg",0
"transformer.oil.kg",0
"atrazine.kg",0.01044069
"atrazine_brazil.kg",0.0124560367787656
"glyphosate.kg",0
"insecticide.kg",0.0241038490077
"insecticide_brazil.kg",0.0249326345462567
"cellulase.kg",0.00569160903157
"alpha_amylase.kg",0.00054292625585
"gluco_amylase.kg",0.00263181693357
"lime.kg",0.00046468318974
"caco3.kg",6.66236164e-06
"caco3_brazil.kg",4.09508165e-06
"h2so4.kg",4.76638844e-06
"hcl.kg",0.00019
"naoh.kg",0.00104067433635
"csl.kg",0.00177958359403
"dap.kg",1.900492671e-05
"glucose.kg",0.007204147005
"corn_starch.kg",0.00074875398829
"molasses.kg",0.00024879357162
"k2o.kg",0.00031680940555
"k2o_brazil.kg",0.0004562571321
"ammonia_conventional.kg",0
"ammonia_green.kg",0
"ammonia_brazil.kg",0.00139073382074
"n.kg",6.0244107506e-05
"urea.kg",0.0002650173702
"urea_brazil.kg",2.76696420687344e-06
"sbm.kg",7.2978323319e-05
"p2o5.kg",5.9647757796e-05
"p.kg",6.22763748343119e-07
"yeast.kg",6.50208323968852e-09
"corn_oil.kg",2.4657e-05
"nacl.kg",0.00013203
"coal.MJ",1.32846e-06
"diesel.MJ",3.68552813406386e-06
"rfo.MJ",2.2089070162654e-06
"ethylene.MJ",1.53208063480807e-07
"propene.MJ",1.40675879291682e-07
"acetone.kg",0.0018727804
"crudeoil.MJ",6.56272898863292e-06
"electricity.US.kWh",0
"electricity.NG.kWh",2e-04
"electricity.NGCC.kWh",6.19e-05
"electricity.Coal.kWh",0
"electricity.WECC.kWh",0
"electricity.MRO.kWh",0
"electricity.SPP.kWh",0
"electricity.TRE.kWh",0
"electricity.SERC.kWh",0
"electricity.RFC.kWh",0
"electricity.NPCC.kWh",0
"electricity.FRCC.kWh",0
"electricity.nuclear.kWh",0
"naturalgas_select.MJ",0
"gasoline.MJ",4.41275e-06
"h2.kg",0.0057
"h2.naturalgas_select.MJ",0
"naturalgas.conventional.MJ",0
"naturalgas.shale.MJ",0
"uranium.kg",0
"zeolite.kg",0
"farmedmiscanthus.kg",2.75e-07
"farmedmi scanthus.kg",0
"ddgs_offset.kg",0
"biomass.MJ",0
"stearic_acid.kg",0
"irgafos168.kg",0
"pentaerythritol.kg",0
"steel.virgin.hotrolled.kg",0
"steel.virgin.coldrolled.kg",0
"steel.virgin.galvanized.kg",0
"aluminum.virgin.wrought.kg",0.000614620826876852
"naturalgas_combust.MJ",0
"heat.waste.MJ",0
"N20.kg",0
"pressboard.kg",0
"paper.kg",0
"other.kg",0
"SF6.kg",0
"epdm.kg",0
"copper.tungsten.kg",0
"ptfe.kg",0
"molecular.sieve.kg",0
"concrete.cby",0
"petroleum.coke.kWh",0
"heat.waste.kWh",0
"tire.kWh",0
"solvents.kWh",0
"waste.oil.kWh",0
"renewables.kWh",0
"electricity.Solar.kWh",0
"Li2CO3.kg",0
"PM2.5 (kg)",0
"LiOH.kg",0
"O2.kg",0
"ethylene.oxide.kg",0
"coal.tar.pitch.kg",0
"LPG.kWh",0
"distillate.oil.kWh",0
"refinary.still.gas.kWh",0
"recovered.energy.kWh",0
"ethylene.kg",0
"propane.kg",0
"methylamine",0
"electricity.kWh",0
"steam.kWh",0
"NiSO4.kg",0
"Na2CO3.kg",0
"Lithium.Brine.kg",0
"Lime.kg",0
"Organic.Solvent.kg",0
"Ethanol.kg",0
"Diesel.kWh",0
"Mn.mining",0
"limestone.kg",0
"SO4.kg",0
"kerosene.kg",0
"Na2S2O5.kg",0
"NH4HCO3.kg",0
"Al(OH)3.kg",0
"class1ni.kg",0
"ni.mining.kg",0
"ni.benefication.kg",0
"ni.mhp.refining.kg",0
"steel.virgin.hot.rolled.kg",0
"sulfur.kg",0
"oxygen.kg",0
"NaClO3.kg",0
"ni.generic.mining.kg",0
"ni.generic.beneficiation.kg",0
"ni.generic.primary.extraction.kg",0
"ni.generic.nickel.refining.kg",0
"NH4NO3.kg",0
"engine.oil.kg",0
"sand.kg",0
"nitrogen.kg",0
"1.4.butanediol.kg",0
"methanol.kg",0
"phosphoric.rock.kg",0
"crude.oil.feed.kWh",0
"natural.gas.feed.kWh",0
"carbon.steel.scrap.kg",0
"clays.kg",0
"deflocculant.poorcelain.kg",0
"sodium.triphosphate.kg",0
"carboxy.methyl.cellulose.kg",0
"cardboard.kg",0
"glue.kg",0
"melamine.formaldehyde.kg",0
"wood.feedstock.kg",0
"phenoformaldehyde.resin.kg",0
"catalyst.kg",0
"melamine.kg",0
"propane.kWh",0
"iron.steel.waste.kg",0
"backspacing.scrap.kg",0
"Fe.Si.75.kg",0
"bentonite.kg",0
"butane.kWh",0
"fertilizer.kg",0
"pesticides.kg",0
"herbicides.kg",0
"hexane.kg",0
"﻿diesel.MJ",0
"tankertruck.mt_km",0
"rail.mt_km",0
"﻿csl.kg",0
"ammonia.kg",0.00124972632554
"lpg.MJ",0
"flatbedtruck.mt_km",8.59e-06
"cl2.kg",0
"barge.mt_km",0
"gaspipeline.mt_km",0
"liquidpipeline.mt_km",0
"na_brine.kg",0
"corn.bushel",0
"sugar_cane.wet_kg",0
"LFG.MJ (landfill gas)",0
"N-hexane.MJ",0
"butane.MJ",0
"refgas.MJ",0
"petcoke.MJ",0
"GTL.MJ",0
"﻿coal.MJ",0
"﻿electricity.NG.kWh",0
"﻿electricity.NGCC.kWh",0
"blendstock.MJ",0
"gtl.MJ",0
"﻿gaspipeline.mt_km",0
"lpg.kg",0
"landfill_mixedMSW.wet_kg",7.63e-06
"landfill_mixedorganics.wet_kg",4.578e-06
"﻿tankertruck.mt_km",0
"﻿atrazine.kg",0
"farmequip.NA",1.36e-07
"﻿urea.kg",0
"glycerin.kg",9.7e-05
"formaldehyde.kg",0
"lignite.MJ",0
"geothermal.MJ",0
"electricity.Hydropower.kWh",0
"electricity.Wind.kWh",0
"antimony.kg",0
"chromium.kg",0
"iron.kg",0
"lead.kg",0
"molybdenum.kg",0
"silver.kg",0
"zinc.kg",0
"ddgs.kg",0
"triethylaluminum.kg",0
"char.MJ",1.17962e-05
"petrobutanol.MJ",0
"petrohexanol.MJ",0
"electricity.Lignin.kWh",0
"electricity.Renewables.kWh",0
"farmedstover.kg",3.4e-07
"farmedstraw.kg",3.4e-07
"farmedbrazilcane.kg",0
"steel_domestic.kg",0.000231823
"steel_canadian.kg",0.000231823
"steel_chinese.kg",0.000231823
"concrete.cu.m",0
"cement.kg",0
"flyash.kg",0
"silica.kg",0
"ligninpellets.MJ",0
"marinetanker.mt_km",1.43e-06
"heavytruck.china.mt_km",0
"rail.china.mt_km",0
"butadiene.kg",0
"corn_grain_ethanol.MJ",0
"sugarcane_ethanol.MJ",0
"corn_grain_ethanol_rolledup.MJ",0
"sugarcane_ethanol_rolledup.MJ",0
"corn_stover_ethanol_rolledup.MJ",0
"butadiene_via_butane.kg",0
"o2.kg",0
"ethylene_oxide.kg",0
"glyoxal.kg",0
"bromine.kg",0
"manganese.kg",0
"trimethylamine.kg",0
"manganese_sulfate.kg",0
"1-methylimidazole.kg",0
"1-bromoalkane.kg",0
"ammo.chloride.kg",0
"ethyl.acetate.kg",0
"etoh.ethylene.kg",0
"acetic.acid.kg",0
"ammonium.sulfate.kg",0
"citric.acid.kg",0
"lysine.us.kg",0
"lysine.china.kg",0
"electricity.china.kWh",0
"cholinium.hydroxide.kg",0
"cholinium.lysinate.kg",0
"corn.stover.kg",0
"switchgrass.kg",0
"ethylene.glycol.kg",0
"n_butanol.kg",0
"1_chloroethane.kg",0
"t_butanol.kg",0
"1_chlorobutane.kg",0
"meim.kg",0
"emimcl.kg",0
"emimaco.kg",0
"corn.stover.transportation.kg",0
"switchgrass.transportation.kg",0
"cs.ethanol.chly.production.kg",0
"sg.ethanol.chly.production.kg",0
"cs.ethanol.emimoac.production.kg",0
"sg.ethanol.emimoac.production.kg",0
"cs.ethanol.chly.distribution.kg",0
"sg.ethanol.chly.distribution.kg",0
"sorghum.kg",0
"inoculum.kg",0
"emim_acetate.kg",0
"landfill_cardboard.wet_kg",9.37e-06
"landfill_magazines.wet_kg",9.37e-06
"landfill_newspaper.wet_kg",9.37e-06
"landfill_officepaper.wet_kg",9.37e-06
"landfill_phonebooks.wet_kg",9.37e-06
"landfill_textbooks.wet_kg",9.37e-06
"landfill_lumber.wet_kg",9.37e-06
"landfill_fiberboard.wet_kg",9.37e-06
"landfill_foodwaste.wet_kg",7.63e-06
"landfill_foodwaste_nonmeat.wet_kg",7.63e-06
"landfill_foodwaste_meat.wet_kg",7.63e-06
"landfill_beef.wet_kg",7.63e-06
"landfill_poultry.wet_kg",7.63e-06
"landfill_grains.wet_kg",7.63e-06
"landfill_bread.wet_kg",7.63e-06
"landfill_fruit_vegetables.wet_kg",7.63e-06
"landfill_dairy_products.wet_kg",7.63e-06
"landfill_yard_trimmings.wet_kg",7.63e-06
"landfill_grass.wet_kg",7.63e-06
"landfill_leaves.wet_kg",7.63e-06
"landfill_branches.wet_kg",7.63e-06
"landfill_mixedpaper.wet_kg",9.37e-06
"landfill_residentialpaper.wet_kg",9.37e-06
"landfill_mixedofficepaper.wet_kg",9.37e-06
"landfill_mixedrecyclables.wet_kg",7.63e-06
"landfill_inorganics_wet.kg",7.63e-06
"biochar_ag_application.kg",0
"organics_composting_wet.kg",5.22e-05
"compost_application.kg",0
"landfill_CO2_sequestration.kg",0
"polymers_WWT.kg",0
"ferric_chloride.kg",0
"calcium_hypochlorite.kg",0
"biosolids_land_application_dry.kg",0
"biogas_flare.m3",1.49999999999999e-05
"biogas_CHP.m3",0.0010912
"biogas_biofilter.m3",0.000202999999999999
"outdoor_compost.wet_kg",6.9118e-05
"Landfill_flare_m3",0.012
"Compost_CO2_seq.kg",0
"diesel_combust.MJ",2.098e-05
"Ag_residues_burning.kg",0.063
"alumina.kg",0
"﻿pentaerythritol.kg",0
"﻿irgafos168.kg",0
"Gasification.kWh",0
"Liquid_Digestate_Treatment.m3",0.00017404
"lipase.kg",0
"PETE.kg",0
"PVC.kg",0
"polypropylene.kg",0
"polysterene.kg",0
"uranium.g",0.046526384
"naturalgas.MJ",1.16703404088351e-05
