"","r"
"battery.assembly.kWh",0
"inverter.count",0
"transformer.count",0
"Switchgear.count",0
"Conductor.ft",0
"Conduit.ft",0
"BMS.kg",0
"Fire.cont",0
"HVAC.cont",0
"Battcont.cont",0
"Invcont.cont",0
"Found.quant",3.11402856087788e-05
"Rack.cont",0
"coal_combustion.MJ",0.000726910995495086
"purchased.electricity.cycle",0
"sold.electricity.cycle",0
"NMC-111.kg",0
"NMC-532.kg",0
"NMC-622.kg",0
"NMC-811.kg",0
"LFP-HT.kg",9.31700700518637e-06
"LFP-SS.kg",0
"NCA.kg",0
"LMO.kg",0.000436078638866383
"LiPF6.kg",0.00274931381140561
"PVFD.kg",0.000636268159195754
"ethylene.carbonate.kg",6.50271995238017e-08
"dimethyl.carbonate.kg",3.76905120785727e-07
"graphite.kg",0
"graphite.carbonization.kg",0.0703421957064987
"graphite.graphitization.kg",0
"HDPE.kg",0.000445987563726722
"LDPE.kg",0.00032566290102104
"LLDPE.kg",0.000376501023443475
"PP.kg",0.000117971370769326
"PET.kg",0.00307026401140344
"NMP.kg",5.13723771887763e-07
"carbon.black.kg",7.9929007276488e-05
"NMC-111(OH)2.kg",1.14510733753314e-05
"NMC-532(OH)2.kg",1.14510733753314e-05
"NMC-622(OH)2.kg",1.14510733753314e-05
"NMC-811(OH)2.kg",1.14510733753314e-05
"NCA(OH)2.kg",1.14510733753314e-05
"Li2CO3.Chile.kg",7.47366854610692e-05
"LiOH.Chile.kg",0.000320640222225897
"MnSO4.kg",0
"NH4OH.kg",0
"Mn2O3.kg",8.2693496916285e-05
"MnO.kg",0
"CoSO4.kg",3.02456718918412e-06
"Al2(SO4)3.kg",0
"Fe3O4.kg",0.000122993225858011
"FeSO4.kg",0
"NiSO4.class1Ni.kg",1.95704294052481e-07
"NiSO4.MHP.kg",0
"niso4.mhp.mining.kg",0
"niso4.mhp.beneficiation.kg",4.96811214360908e-06
"niso4.mhp.refining.kg",4.78900268412727e-07
"NiSO4.Generic.kg",0
"niso4.generic.mining.kg",2.3923257342218e-05
"niso4.generic.beneficiation.kg",0.000318103074354184
"niso4.generic.primary.extraction.kg",1.53892226307754
"niso4.generic.nickel.refining.kg",0.0389347462439205
"class1Ni.kg",0
"class1Ni.ni.mining.kg",0.000431459631160127
"class1Ni.beneficiation.kg",0.00211170636670249
"class1Ni.primary.extraction.kg",2.78046447052452
"class1Ni.ni.refining.kg",0.0751776457384149
"soda.ash.kg",0.000397919068271632
"GBL.kg",2.07565160358692e-07
"methylamine.kg",2.37139340928256e-06
"diammonium.phosphate.kg",6.87930245760237e-09
"phosphoric.acid.kg",0.00701307120377872
"copper.kg",0
"copper.ore.mining.US.kg",0
"copper.smelting.US.kg",0.138811052872347
"copper.drawing.wire.US.kg",0
"glass.fiber.kg",0
"glass.batch.preparation.kg",0
"glass.melting.kg",0.000748469165605692
"glass.forming.kg",0
"glass.post.forming.kg",0
"epoxy.resin.kg",0.000657772119248003
"nylon.kg",0.000485076362594179
"PC.kg",0
"stainless.steel.machined.kg",0.000400709704194845
"ferronickel.kg",0
"ferrochromium.kg",0
"porcelain.kg",0
"mpp.pnw.m3",0
"lvl.pnw.m3",3e-04
"pig.iron.kg",0
"pig.iron.cupola.smelting.kg",1.1e-05
"pig.iron.core.prod.kg",0
"pig.iron.moulding.kg",0
"pig.iron.cleaning.kg",0
"pig.iron.other.kg",0
"raw.iron.kg",0
"coke.kg",5.0816536869547e-07
"sf6.kg",0
"HFC.227ea.kg",0
"R410a.kg",0
"R32.kg",0
"R407.kg",0
"R454B.kg",0
"R1234yf.kg",0
"transformer.oil.kg",0
"atrazine.kg",8.71269982552567
"atrazine_brazil.kg",11.8598203527937
"glyphosate.kg",0
"insecticide.kg",23.089316834848
"insecticide_brazil.kg",16.7600212034341
"cellulase.kg",7.16797139542
"alpha_amylase.kg",1.23523205135
"gluco_amylase.kg",5.47508668751
"lime.kg",1.1066437216835
"caco3.kg",0.00161268505524448
"caco3_brazil.kg",0.0020723428
"h2so4.kg",0.00168446928255856
"hcl.kg",0.222
"naoh.kg",0.46831816265328
"csl.kg",0.11219943596118
"dap.kg",0.0137820214027518
"glucose.kg",0.0089047171397762
"corn_starch.kg",0.50214904986807
"molasses.kg",0.18172297843579
"k2o.kg",0.45041252464505
"k2o_brazil.kg",0.26001083581033
"ammonia_conventional.kg",1.694
"ammonia_green.kg",0
"ammonia_brazil.kg",0.80699682884249
"n.kg",0.19967112936727
"urea.kg",0.35723709107713
"urea_brazil.kg",5.21979747787175
"sbm.kg",0.13422171011392
"p2o5.kg",0.06735384386412
"p.kg",0.984145916278873
"yeast.kg",14.3799244254319
"corn_oil.kg",0.081723162
"nacl.kg",0.17957501716979
"coal.MJ",0.000697158
"diesel.MJ",0.00509233201186519
"rfo.MJ",0.00399820734026931
"ethylene.MJ",0.000122666458540989
"propene.MJ",0.00017018759230818
"acetone.kg",1.7861
"crudeoil.MJ",0.002622359842854
"electricity.US.kWh",0.405409235757274
"electricity.NG.kWh",0.42488520568768
"electricity.NGCC.kWh",0.405409235757274
"electricity.Coal.kWh",0.995798359445747
"electricity.WECC.kWh",0.327393967157233
"electricity.MRO.kWh",0.60312241619699
"electricity.SPP.kWh",0.504184257488129
"electricity.TRE.kWh",0.420185943093407
"electricity.SERC.kWh",0.412316522033198
"electricity.RFC.kWh",0.422737881193547
"electricity.NPCC.kWh",0.222396594968201
"electricity.FRCC.kWh",0.440744629992607
"electricity.nuclear.kWh",0
"naturalgas_select.MJ",0.0038390704870362
"gasoline.MJ",0.00923266333657803
"h2.kg",10.6206
"h2.naturalgas_select.MJ",0
"naturalgas.conventional.MJ",0.00406179907853253
"naturalgas.shale.MJ",0.00379506503370848
"uranium.kg",11.15639822
"zeolite.kg",0
"farmedmiscanthus.kg",0.013485691
"farmedmi scanthus.kg",0
"ddgs_offset.kg",0
"biomass.MJ",0
"stearic_acid.kg",0
"irgafos168.kg",0
"pentaerythritol.kg",0
"steel.virgin.hotrolled.kg",0.140448629491247
"steel.virgin.coldrolled.kg",0.145845177816526
"steel.virgin.galvanized.kg",0.145845177816526
"aluminum.virgin.wrought.kg",3.11631432075691
"naturalgas_combust.MJ",0.05029
"heat.waste.MJ",0
"N20.kg",0
"pressboard.kg",0
"paper.kg",0
"other.kg",0
"SF6.kg",0
"epdm.kg",0
"copper.tungsten.kg",0
"ptfe.kg",0
"molecular.sieve.kg",0
"concrete.cby",0
"petroleum.coke.kWh",0
"heat.waste.kWh",0
"tire.kWh",0
"solvents.kWh",0
"waste.oil.kWh",0
"renewables.kWh",0
"electricity.Solar.kWh",0
"Li2CO3.kg",0
"PM2.5 (kg)",0
"LiOH.kg",0
"O2.kg",0
"ethylene.oxide.kg",0
"coal.tar.pitch.kg",0
"LPG.kWh",0
"distillate.oil.kWh",0
"refinary.still.gas.kWh",0
"recovered.energy.kWh",0
"ethylene.kg",0
"propane.kg",0
"methylamine",0
"electricity.kWh",0
"steam.kWh",0
"NiSO4.kg",0
"Na2CO3.kg",0
"Lithium.Brine.kg",0
"Lime.kg",0
"Organic.Solvent.kg",0
"Ethanol.kg",0
"Diesel.kWh",0
"Mn.mining",0
"limestone.kg",0
"SO4.kg",0
"kerosene.kg",0
"Na2S2O5.kg",0
"NH4HCO3.kg",0
"Al(OH)3.kg",0
"class1ni.kg",0
"ni.mining.kg",0
"ni.benefication.kg",0
"ni.mhp.refining.kg",0
"steel.virgin.hot.rolled.kg",0
"sulfur.kg",0
"oxygen.kg",0
"NaClO3.kg",0
"ni.generic.mining.kg",0
"ni.generic.beneficiation.kg",0
"ni.generic.primary.extraction.kg",0
"ni.generic.nickel.refining.kg",0
"NH4NO3.kg",0
"engine.oil.kg",0
"sand.kg",0
"nitrogen.kg",0
"1.4.butanediol.kg",0
"methanol.kg",0.34825523
"phosphoric.rock.kg",0
"crude.oil.feed.kWh",0
"natural.gas.feed.kWh",0
"carbon.steel.scrap.kg",0
"clays.kg",0
"deflocculant.poorcelain.kg",0
"sodium.triphosphate.kg",0
"carboxy.methyl.cellulose.kg",0
"cardboard.kg",0
"glue.kg",0
"melamine.formaldehyde.kg",0
"wood.feedstock.kg",0
"phenoformaldehyde.resin.kg",0
"catalyst.kg",0
"melamine.kg",0
"propane.kWh",0
"iron.steel.waste.kg",0
"backspacing.scrap.kg",0
"Fe.Si.75.kg",0
"bentonite.kg",0
"butane.kWh",0
"fertilizer.kg",0
"pesticides.kg",0
"herbicides.kg",0
"hexane.kg",0
"﻿diesel.MJ",0
"tankertruck.mt_km",0.084589508
"rail.mt_km",0.018627763
"﻿csl.kg",0
"ammonia.kg",0
"lpg.MJ",0
"flatbedtruck.mt_km",0.123721712
"cl2.kg",0
"barge.mt_km",0.022242106
"gaspipeline.mt_km",0
"liquidpipeline.mt_km",0
"na_brine.kg",0
"corn.bushel",0.670413276
"sugar_cane.wet_kg",0
"LFG.MJ (landfill gas)",0
"N-hexane.MJ",0
"butane.MJ",0.05025328
"refgas.MJ",0.07058396
"petcoke.MJ",0
"GTL.MJ",0
"﻿coal.MJ",0
"﻿electricity.NG.kWh",0
"﻿electricity.NGCC.kWh",0
"blendstock.MJ",0
"gtl.MJ",0
"﻿gaspipeline.mt_km",0
"lpg.kg",0
"landfill_mixedMSW.wet_kg",0
"landfill_mixedorganics.wet_kg",0
"﻿tankertruck.mt_km",0
"﻿atrazine.kg",0
"farmequip.NA",0.000258892
"﻿urea.kg",0
"glycerin.kg",0.190528273
"formaldehyde.kg",0
"lignite.MJ",0
"geothermal.MJ",0
"electricity.Hydropower.kWh",0
"electricity.Wind.kWh",0
"antimony.kg",0
"chromium.kg",0
"iron.kg",0
"lead.kg",0
"molybdenum.kg",0
"silver.kg",0
"zinc.kg",0
"ddgs.kg",0
"triethylaluminum.kg",4.83505275
"char.MJ",0.085502707
"petrobutanol.MJ",0.071087806
"petrohexanol.MJ",0.047440532
"electricity.Lignin.kWh",0
"electricity.Renewables.kWh",0
"farmedstover.kg",0.016681579
"farmedstraw.kg",0.016681579
"farmedbrazilcane.kg",0.007993257
"steel_domestic.kg",0.401419778
"steel_canadian.kg",0.401419778
"steel_chinese.kg",0.401419778
"concrete.cu.m",0
"cement.kg",0.785714285714286
"flyash.kg",0
"silica.kg",0
"ligninpellets.MJ",0
"marinetanker.mt_km",0.006912429
"heavytruck.china.mt_km",0.395963818
"rail.china.mt_km",0.262664099
"butadiene.kg",2.010248718
"corn_grain_ethanol.MJ",0.015174614
"sugarcane_ethanol.MJ",0
"corn_grain_ethanol_rolledup.MJ",0
"sugarcane_ethanol_rolledup.MJ",0
"corn_stover_ethanol_rolledup.MJ",0
"butadiene_via_butane.kg",4.289972995
"o2.kg",0
"ethylene_oxide.kg",0
"glyoxal.kg",0
"bromine.kg",0
"manganese.kg",0
"trimethylamine.kg",0.39
"manganese_sulfate.kg",0.10050656
"1-methylimidazole.kg",0.62650656
"1-bromoalkane.kg",0.39310656
"ammo.chloride.kg",1.15250656
"ethyl.acetate.kg",0.350701535
"etoh.ethylene.kg",0
"acetic.acid.kg",0
"ammonium.sulfate.kg",0
"citric.acid.kg",0
"lysine.us.kg",0.23
"lysine.china.kg",0.23
"electricity.china.kWh",0.8
"cholinium.hydroxide.kg",0
"cholinium.lysinate.kg",0
"corn.stover.kg",0
"switchgrass.kg",0
"ethylene.glycol.kg",0
"n_butanol.kg",0.323418394
"1_chloroethane.kg",1.353656995
"t_butanol.kg",0.47740616
"1_chlorobutane.kg",0.020101312
"meim.kg",0.084551
"emimcl.kg",0.481
"emimaco.kg",0.0052
"corn.stover.transportation.kg",0
"switchgrass.transportation.kg",0
"cs.ethanol.chly.production.kg",0.0975
"sg.ethanol.chly.production.kg",0.0975
"cs.ethanol.emimoac.production.kg",0.0975
"sg.ethanol.emimoac.production.kg",0.0975
"cs.ethanol.chly.distribution.kg",0
"sg.ethanol.chly.distribution.kg",0
"sorghum.kg",0.0033
"inoculum.kg",0
"emim_acetate.kg",0
"landfill_cardboard.wet_kg",0
"landfill_magazines.wet_kg",0
"landfill_newspaper.wet_kg",0
"landfill_officepaper.wet_kg",0
"landfill_phonebooks.wet_kg",0
"landfill_textbooks.wet_kg",0
"landfill_lumber.wet_kg",0
"landfill_fiberboard.wet_kg",0
"landfill_foodwaste.wet_kg",0
"landfill_foodwaste_nonmeat.wet_kg",0
"landfill_foodwaste_meat.wet_kg",0
"landfill_beef.wet_kg",0
"landfill_poultry.wet_kg",0
"landfill_grains.wet_kg",0
"landfill_bread.wet_kg",0
"landfill_fruit_vegetables.wet_kg",0
"landfill_dairy_products.wet_kg",0
"landfill_yard_trimmings.wet_kg",0
"landfill_grass.wet_kg",0
"landfill_leaves.wet_kg",0
"landfill_branches.wet_kg",0
"landfill_mixedpaper.wet_kg",0
"landfill_residentialpaper.wet_kg",0
"landfill_mixedofficepaper.wet_kg",0
"landfill_mixedrecyclables.wet_kg",0
"landfill_inorganics_wet.kg",0
"biochar_ag_application.kg",-0.44
"organics_composting_wet.kg",0
"compost_application.kg",-0.1543236
"landfill_CO2_sequestration.kg",0
"polymers_WWT.kg",6.75455712799999
"ferric_chloride.kg",0.195488363
"calcium_hypochlorite.kg",2.13703551
"biosolids_land_application_dry.kg",0
"biogas_flare.m3",0
"biogas_CHP.m3",0
"biogas_biofilter.m3",0.723
"outdoor_compost.wet_kg",0
"Landfill_flare_m3",0
"Compost_CO2_seq.kg",-0.24
"diesel_combust.MJ",0.08834
"Ag_residues_burning.kg",1.515
"alumina.kg",1.92553447240488
"﻿pentaerythritol.kg",0.13
"﻿irgafos168.kg",0.14286
"Gasification.kWh",0.087
"Liquid_Digestate_Treatment.m3",0.19905
"lipase.kg",0
"PETE.kg",0
"PVC.kg",0
"polypropylene.kg",0
"polysterene.kg",0
"uranium.g",0
"naturalgas.MJ",0
