"","r"
"battery.assembly.kWh",0
"inverter.count",0
"transformer.count",0
"Switchgear.count",0
"Conductor.ft",0
"Conduit.ft",0
"BMS.kg",0
"Fire.cont",0
"HVAC.cont",0
"Battcont.cont",0
"Invcont.cont",0
"Found.quant",0
"Rack.cont",0
"coal_combustion.MJ",0
"purchased.electricity.cycle",0
"sold.electricity.cycle",0
"NMC-111.kg",0
"NMC-532.kg",0
"NMC-622.kg",0
"NMC-811.kg",0
"LFP-HT.kg",2.59767853304453e-05
"LFP-SS.kg",0
"NCA.kg",0
"LMO.kg",0
"LiPF6.kg",6.88812094556237e-06
"PVFD.kg",1.14812083533127e-05
"ethylene.carbonate.kg",1.81302600902793e-07
"dimethyl.carbonate.kg",1.05085070851039e-06
"graphite.kg",0
"graphite.carbonization.kg",1.98614395079284e-06
"graphite.graphitization.kg",0
"HDPE.kg",1.50789895833378e-05
"LDPE.kg",1.78082968077912e-05
"LLDPE.kg",1.59436597219966e-05
"PP.kg",5.38292578705092e-06
"PET.kg",1.88131708632321e-05
"NMP.kg",1.43231534912945e-06
"carbon.black.kg",3.31377496212896e-06
"NMC-111(OH)2.kg",3.1926784503712e-05
"NMC-532(OH)2.kg",3.1926784503712e-05
"NMC-622(OH)2.kg",3.1926784503712e-05
"NMC-811(OH)2.kg",3.1926784503712e-05
"NCA(OH)2.kg",3.1926784503712e-05
"Li2CO3.Chile.kg",0
"LiOH.Chile.kg",0
"MnSO4.kg",0
"NH4OH.kg",0
"Mn2O3.kg",0
"MnO.kg",0
"CoSO4.kg",8.43280814828288e-06
"Al2(SO4)3.kg",0
"Fe3O4.kg",4.18080986788803e-07
"FeSO4.kg",0
"NiSO4.class1Ni.kg",5.45643942525505e-07
"NiSO4.MHP.kg",0
"niso4.mhp.mining.kg",0
"niso4.mhp.beneficiation.kg",1.38516137832967e-05
"niso4.mhp.refining.kg",1.33522379668976e-06
"NiSO4.Generic.kg",0
"niso4.generic.mining.kg",4.54738118465363e-07
"niso4.generic.beneficiation.kg",4.56602834702955e-06
"niso4.generic.primary.extraction.kg",2.2097550537101e-05
"niso4.generic.nickel.refining.kg",1.24473048606403e-05
"class1Ni.kg",0
"class1Ni.ni.mining.kg",9.32583442186544e-06
"class1Ni.beneficiation.kg",1.44379650115467e-05
"class1Ni.primary.extraction.kg",6.63226471667852e-05
"class1Ni.ni.refining.kg",2.60460740201833e-05
"soda.ash.kg",7.7575092180757e-07
"GBL.kg",5.78713272375535e-07
"methylamine.kg",6.61169166156848e-06
"diammonium.phosphate.kg",1.4065488296213e-08
"phosphoric.acid.kg",0
"copper.kg",0
"copper.ore.mining.US.kg",0
"copper.smelting.US.kg",0
"copper.drawing.wire.US.kg",0
"glass.fiber.kg",0
"glass.batch.preparation.kg",0
"glass.melting.kg",0
"glass.forming.kg",0
"glass.post.forming.kg",0
"epoxy.resin.kg",3.30693298500306e-09
"nylon.kg",0.000860291236629348
"PC.kg",0
"stainless.steel.machined.kg",0
"ferronickel.kg",0
"ferrochromium.kg",0
"porcelain.kg",0
"mpp.pnw.m3",0
"lvl.pnw.m3",0
"pig.iron.kg",0
"pig.iron.cupola.smelting.kg",0
"pig.iron.core.prod.kg",0
"pig.iron.moulding.kg",0
"pig.iron.cleaning.kg",0
"pig.iron.other.kg",0
"raw.iron.kg",0
"coke.kg",0
"sf6.kg",0
"HFC.227ea.kg",0
"R410a.kg",0
"R32.kg",0
"R407.kg",0
"R454B.kg",0
"R1234yf.kg",0
"transformer.oil.kg",0.056892
"atrazine.kg",0.0001248355928
"atrazine_brazil.kg",0.000256728346680493
"glyphosate.kg",0
"insecticide.kg",0.0003628253365
"insecticide_brazil.kg",0.000318579726416081
"cellulase.kg",0.00404099680985
"alpha_amylase.kg",2.41957045e-05
"gluco_amylase.kg",0.00089378491499
"lime.kg",9.859594e-08
"caco3.kg",3.1935444968403e-08
"caco3_brazil.kg",6.724091e-08
"h2so4.kg",2.1715507e-07
"hcl.kg",3.684360944e-05
"naoh.kg",4.31773e-06
"csl.kg",1.0395e-06
"dap.kg",2.46087704824346e-07
"glucose.kg",8.25e-08
"corn_starch.kg",0.0008828290559
"molasses.kg",7.4611285353e-06
"k2o.kg",7.6367044721e-06
"k2o_brazil.kg",7.1559099194e-06
"ammonia_conventional.kg",9.41467758141884e-06
"ammonia_green.kg",0
"ammonia_brazil.kg",5.5230911857e-05
"n.kg",3.085916845e-06
"urea.kg",9.7117038392e-06
"urea_brazil.kg",2.56078206832026e-09
"sbm.kg",2.718627153e-06
"p2o5.kg",1.04095211847e-06
"p.kg",2.7447825459817e-10
"yeast.kg",7.23744261724454e-14
"corn_oil.kg",1.26303e-06
"nacl.kg",3.3807296545e-06
"coal.MJ",8.73301e-09
"diesel.MJ",2.02437554561108e-07
"rfo.MJ",6.82714965174846e-08
"ethylene.MJ",9.65618150888898e-09
"propene.MJ",1.20559947493245e-08
"acetone.kg",7.1381e-09
"crudeoil.MJ",3.11873851322098e-08
"electricity.US.kWh",4.41596179417615e-06
"electricity.NG.kWh",7.86556519377273e-07
"electricity.NGCC.kWh",7.3578720241092e-07
"electricity.Coal.kWh",1.57511017544681e-05
"electricity.WECC.kWh",5.02902463693672e-06
"electricity.MRO.kWh",1.09164457092293e-05
"electricity.SPP.kWh",9.42376010356685e-06
"electricity.TRE.kWh",5.25988319928773e-06
"electricity.SERC.kWh",6.60590621814003e-06
"electricity.RFC.kWh",7.32809883359115e-06
"electricity.NPCC.kWh",1.25192298579196e-06
"electricity.FRCC.kWh",4.25691219068925e-06
"electricity.nuclear.kWh",0
"naturalgas_select.MJ",4.27378418862831e-09
"gasoline.MJ",8.64289258937012e-08
"h2.kg",4e-05
"h2.naturalgas_select.MJ",0
"naturalgas.conventional.MJ",2.59696177543441e-08
"naturalgas.shale.MJ",2.59050562403787e-08
"uranium.kg",0
"zeolite.kg",0
"farmedmiscanthus.kg",0
"farmedmi scanthus.kg",0
"ddgs_offset.kg",0
"biomass.MJ",4e-06
"stearic_acid.kg",0
"irgafos168.kg",0
"pentaerythritol.kg",0
"steel.virgin.hotrolled.kg",2.52753856634838e-06
"steel.virgin.coldrolled.kg",2.62465581175487e-06
"steel.virgin.galvanized.kg",2.62465581175487e-06
"aluminum.virgin.wrought.kg",2.28692315696341e-05
"naturalgas_combust.MJ",9.48e-08
"heat.waste.MJ",0
"N20.kg",0
"pressboard.kg",0
"paper.kg",0
"other.kg",0
"SF6.kg",0
"epdm.kg",0
"copper.tungsten.kg",0
"ptfe.kg",0
"molecular.sieve.kg",0
"concrete.cby",0
"petroleum.coke.kWh",0
"heat.waste.kWh",0
"tire.kWh",0
"solvents.kWh",0
"waste.oil.kWh",0
"renewables.kWh",0
"electricity.Solar.kWh",0
"Li2CO3.kg",0
"PM2.5 (kg)",0
"LiOH.kg",0
"O2.kg",0
"ethylene.oxide.kg",0
"coal.tar.pitch.kg",0
"LPG.kWh",0
"distillate.oil.kWh",0
"refinary.still.gas.kWh",0
"recovered.energy.kWh",0
"ethylene.kg",0
"propane.kg",0
"methylamine",0
"electricity.kWh",0
"steam.kWh",0
"NiSO4.kg",0
"Na2CO3.kg",0
"Lithium.Brine.kg",0
"Lime.kg",0
"Organic.Solvent.kg",0
"Ethanol.kg",0
"Diesel.kWh",0
"Mn.mining",0
"limestone.kg",0
"SO4.kg",0
"kerosene.kg",0
"Na2S2O5.kg",0
"NH4HCO3.kg",0
"Al(OH)3.kg",0
"class1ni.kg",0
"ni.mining.kg",0
"ni.benefication.kg",0
"ni.mhp.refining.kg",0
"steel.virgin.hot.rolled.kg",0
"sulfur.kg",0
"oxygen.kg",0
"NaClO3.kg",0
"ni.generic.mining.kg",0
"ni.generic.beneficiation.kg",0
"ni.generic.primary.extraction.kg",0
"ni.generic.nickel.refining.kg",0
"NH4NO3.kg",0
"engine.oil.kg",0
"sand.kg",0
"nitrogen.kg",0
"1.4.butanediol.kg",0
"methanol.kg",0.00015
"phosphoric.rock.kg",0
"crude.oil.feed.kWh",0
"natural.gas.feed.kWh",0
"carbon.steel.scrap.kg",0
"clays.kg",0
"deflocculant.poorcelain.kg",0
"sodium.triphosphate.kg",0
"carboxy.methyl.cellulose.kg",0
"cardboard.kg",0
"glue.kg",0
"melamine.formaldehyde.kg",0
"wood.feedstock.kg",0
"phenoformaldehyde.resin.kg",0
"catalyst.kg",0
"melamine.kg",0
"propane.kWh",0
"iron.steel.waste.kg",0
"backspacing.scrap.kg",0
"Fe.Si.75.kg",0
"bentonite.kg",0
"butane.kWh",0
"fertilizer.kg",0
"pesticides.kg",0
"herbicides.kg",0
"hexane.kg",0
"﻿diesel.MJ",0
"tankertruck.mt_km",0
"rail.mt_km",0
"﻿csl.kg",0
"ammonia.kg",4.7933840119e-05
"lpg.MJ",0
"flatbedtruck.mt_km",0
"cl2.kg",0
"barge.mt_km",0
"gaspipeline.mt_km",0
"liquidpipeline.mt_km",0
"na_brine.kg",0
"corn.bushel",0
"sugar_cane.wet_kg",0
"LFG.MJ (landfill gas)",0
"N-hexane.MJ",0
"butane.MJ",0
"refgas.MJ",0
"petcoke.MJ",0
"GTL.MJ",0
"﻿coal.MJ",0
"﻿electricity.NG.kWh",0
"﻿electricity.NGCC.kWh",0
"blendstock.MJ",0
"gtl.MJ",0
"﻿gaspipeline.mt_km",0
"lpg.kg",0
"landfill_mixedMSW.wet_kg",0
"landfill_mixedorganics.wet_kg",0
"﻿tankertruck.mt_km",0
"﻿atrazine.kg",0
"farmequip.NA",3.53e-09
"﻿urea.kg",0
"glycerin.kg",2.69085e-06
"formaldehyde.kg",0
"lignite.MJ",0
"geothermal.MJ",0
"electricity.Hydropower.kWh",0
"electricity.Wind.kWh",0
"antimony.kg",0
"chromium.kg",0
"iron.kg",0
"lead.kg",0
"molybdenum.kg",0
"silver.kg",0
"zinc.kg",0
"ddgs.kg",0
"triethylaluminum.kg",0
"char.MJ",1.5067e-06
"petrobutanol.MJ",0
"petrohexanol.MJ",0
"electricity.Lignin.kWh",0
"electricity.Renewables.kWh",0
"farmedstover.kg",0
"farmedstraw.kg",0
"farmedbrazilcane.kg",0
"steel_domestic.kg",5.87e-06
"steel_canadian.kg",5.87e-06
"steel_chinese.kg",5.87e-06
"concrete.cu.m",0
"cement.kg",0
"flyash.kg",0
"silica.kg",0
"ligninpellets.MJ",0
"marinetanker.mt_km",0
"heavytruck.china.mt_km",0
"rail.china.mt_km",0
"butadiene.kg",0
"corn_grain_ethanol.MJ",0
"sugarcane_ethanol.MJ",0
"corn_grain_ethanol_rolledup.MJ",0
"sugarcane_ethanol_rolledup.MJ",0
"corn_stover_ethanol_rolledup.MJ",0
"butadiene_via_butane.kg",0
"o2.kg",0
"ethylene_oxide.kg",0
"glyoxal.kg",0
"bromine.kg",0
"manganese.kg",0
"trimethylamine.kg",0
"manganese_sulfate.kg",0
"1-methylimidazole.kg",0
"1-bromoalkane.kg",0
"ammo.chloride.kg",0
"ethyl.acetate.kg",0
"etoh.ethylene.kg",0
"acetic.acid.kg",0
"ammonium.sulfate.kg",0
"citric.acid.kg",0
"lysine.us.kg",0
"lysine.china.kg",0
"electricity.china.kWh",1.35e-05
"cholinium.hydroxide.kg",0
"cholinium.lysinate.kg",0
"corn.stover.kg",0
"switchgrass.kg",0
"ethylene.glycol.kg",0
"n_butanol.kg",0
"1_chloroethane.kg",0
"t_butanol.kg",0
"1_chlorobutane.kg",0
"meim.kg",0
"emimcl.kg",0
"emimaco.kg",0
"corn.stover.transportation.kg",0
"switchgrass.transportation.kg",0
"cs.ethanol.chly.production.kg",0
"sg.ethanol.chly.production.kg",0
"cs.ethanol.emimoac.production.kg",0
"sg.ethanol.emimoac.production.kg",0
"cs.ethanol.chly.distribution.kg",0
"sg.ethanol.chly.distribution.kg",0
"sorghum.kg",0
"inoculum.kg",0
"emim_acetate.kg",0
"landfill_cardboard.wet_kg",0
"landfill_magazines.wet_kg",0
"landfill_newspaper.wet_kg",0
"landfill_officepaper.wet_kg",0
"landfill_phonebooks.wet_kg",0
"landfill_textbooks.wet_kg",0
"landfill_lumber.wet_kg",0
"landfill_fiberboard.wet_kg",0
"landfill_foodwaste.wet_kg",0
"landfill_foodwaste_nonmeat.wet_kg",0
"landfill_foodwaste_meat.wet_kg",0
"landfill_beef.wet_kg",0
"landfill_poultry.wet_kg",0
"landfill_grains.wet_kg",0
"landfill_bread.wet_kg",0
"landfill_fruit_vegetables.wet_kg",0
"landfill_dairy_products.wet_kg",0
"landfill_yard_trimmings.wet_kg",0
"landfill_grass.wet_kg",0
"landfill_leaves.wet_kg",0
"landfill_branches.wet_kg",0
"landfill_mixedpaper.wet_kg",0
"landfill_residentialpaper.wet_kg",0
"landfill_mixedofficepaper.wet_kg",0
"landfill_mixedrecyclables.wet_kg",0
"landfill_inorganics_wet.kg",0
"biochar_ag_application.kg",0
"organics_composting_wet.kg",8.7e-05
"compost_application.kg",0
"landfill_CO2_sequestration.kg",0
"polymers_WWT.kg",0
"ferric_chloride.kg",0
"calcium_hypochlorite.kg",0
"biosolids_land_application_dry.kg",0.000207
"biogas_flare.m3",1.22e-06
"biogas_CHP.m3",-1.91e-06
"biogas_biofilter.m3",0.000187
"outdoor_compost.wet_kg",1.4e-05
"Landfill_flare_m3",0
"Compost_CO2_seq.kg",0
"diesel_combust.MJ",0
"Ag_residues_burning.kg",0
"alumina.kg",4.72178606684986e-05
"﻿pentaerythritol.kg",0
"﻿irgafos168.kg",0
"Gasification.kWh",4.23e-05
"Liquid_Digestate_Treatment.m3",0
"lipase.kg",0
"PETE.kg",0
"PVC.kg",0
"polypropylene.kg",0
"polysterene.kg",0
"uranium.g",0.001218548
"naturalgas.MJ",0
