"","r"
"battery.assembly.kWh",0
"inverter.count",0
"transformer.count",0
"Switchgear.count",0
"Conductor.ft",0
"Conduit.ft",0
"BMS.kg",0
"Fire.cont",0
"HVAC.cont",0
"Battcont.cont",0
"Invcont.cont",0
"Found.quant",0.000141531506804015
"Rack.cont",0
"coal_combustion.MJ",0.000413134340515122
"purchased.electricity.cycle",0
"sold.electricity.cycle",0
"NMC-111.kg",0
"NMC-532.kg",0
"NMC-622.kg",0
"NMC-811.kg",0
"LFP-HT.kg",0.00126073998137094
"LFP-SS.kg",0
"NCA.kg",0
"LMO.kg",0.00145359546288794
"LiPF6.kg",0.000551536511295932
"PVFD.kg",0.000607214669554721
"ethylene.carbonate.kg",8.79921956381554e-06
"dimethyl.carbonate.kg",5.10012877197044e-05
"graphite.kg",0
"graphite.carbonization.kg",0.0104844385654525
"graphite.graphitization.kg",0
"HDPE.kg",0.000779010068858022
"LDPE.kg",0.00090211713707705
"LLDPE.kg",0.000778142897179505
"PP.kg",0.000106606630996138
"PET.kg",0.00116944675996398
"NMP.kg",6.95150382777493e-05
"carbon.black.kg",0.000172310725092914
"NMC-111(OH)2.kg",0.00154951327458016
"NMC-532(OH)2.kg",0.00154951327458016
"NMC-622(OH)2.kg",0.00154951327458016
"NMC-811(OH)2.kg",0.00154951327458016
"NCA(OH)2.kg",0.00154951327458016
"Li2CO3.Chile.kg",0.00024912228487023
"LiOH.Chile.kg",0.00106880074075299
"MnSO4.kg",0
"NH4OH.kg",0
"Mn2O3.kg",0.00027564498972095
"MnO.kg",0
"CoSO4.kg",0.000409272288796662
"Al2(SO4)3.kg",0
"Fe3O4.kg",3.11199889768901e-05
"FeSO4.kg",0
"NiSO4.class1Ni.kg",2.64819193439045e-05
"NiSO4.MHP.kg",0
"niso4.mhp.mining.kg",0
"niso4.mhp.beneficiation.kg",0.000672264988949332
"niso4.mhp.refining.kg",6.4802861599343e-05
"NiSO4.Generic.kg",0
"niso4.generic.mining.kg",0.00093328369777719
"niso4.generic.beneficiation.kg",0.000167664453069661
"niso4.generic.primary.extraction.kg",0.00188445251505411
"niso4.generic.nickel.refining.kg",0.000498555148933239
"class1Ni.kg",0
"class1Ni.ni.mining.kg",0.0126652497322244
"class1Ni.beneficiation.kg",0.00420573223478893
"class1Ni.primary.extraction.kg",0.00666672709265255
"class1Ni.ni.refining.kg",0.00190302018286237
"soda.ash.kg",0.000290086471171812
"GBL.kg",2.8086884152626e-05
"methylamine.kg",0.000320887435308123
"diammonium.phosphate.kg",9.90338244128816e-07
"phosphoric.acid.kg",0.000369449450773547
"copper.kg",0
"copper.ore.mining.US.kg",0
"copper.smelting.US.kg",0
"copper.drawing.wire.US.kg",0
"glass.fiber.kg",0
"glass.batch.preparation.kg",0
"glass.melting.kg",0.00244382347591726
"glass.forming.kg",0
"glass.post.forming.kg",0
"epoxy.resin.kg",0.000875670342873835
"nylon.kg",0.00823436013602518
"PC.kg",0
"stainless.steel.machined.kg",7.51370216659226e-05
"ferronickel.kg",0
"ferrochromium.kg",0
"porcelain.kg",0
"mpp.pnw.m3",0
"lvl.pnw.m3",0.0012
"pig.iron.kg",0
"pig.iron.cupola.smelting.kg",0.000151
"pig.iron.core.prod.kg",0
"pig.iron.moulding.kg",0
"pig.iron.cleaning.kg",0
"pig.iron.other.kg",2.3e-05
"raw.iron.kg",0
"coke.kg",4.89426081780453e-07
"sf6.kg",0
"HFC.227ea.kg",0
"R410a.kg",0
"R32.kg",0
"R407.kg",0
"R454B.kg",0
"R1234yf.kg",0
"transformer.oil.kg",0.0025
"atrazine.kg",0.03351426
"atrazine_brazil.kg",0.0334660632805747
"glyphosate.kg",0
"insecticide.kg",0.0674485080423
"insecticide_brazil.kg",0.061115019890909
"cellulase.kg",0.01056804769273
"alpha_amylase.kg",0.01056804769273
"gluco_amylase.kg",0.00526145900951
"lime.kg",0.00042323523143
"caco3.kg",7.89474422e-06
"caco3_brazil.kg",4.82040163e-06
"h2so4.kg",9.26381324e-06
"hcl.kg",3.7e-06
"naoh.kg",0.00187678969907
"csl.kg",0.00410543123859
"dap.kg",3.089003313e-05
"glucose.kg",0.0150695146635
"corn_starch.kg",0.00157033870059
"molasses.kg",0.00022015555782
"k2o.kg",0.00080403483479
"k2o_brazil.kg",0.00080070034704
"ammonia_conventional.kg",0
"ammonia_green.kg",0
"ammonia_brazil.kg",0.00180471736434
"n.kg",0.00013530304095
"urea.kg",0.00039297461731
"urea_brazil.kg",1.31702534979278e-05
"sbm.kg",0.00016057900925
"p2o5.kg",0.000415090152609
"p.kg",1.39114392979777e-05
"yeast.kg",4.66231593606642e-07
"corn_oil.kg",5.53781e-05
"nacl.kg",0.00031865687711
"coal.MJ",3.47186e-06
"diesel.MJ",5.34810443311293e-06
"rfo.MJ",3.16511459922108e-06
"ethylene.MJ",2.50184551865912e-07
"propene.MJ",2.84985472074125e-07
"acetone.kg",0.0045942
"crudeoil.MJ",9.52315879263502e-06
"electricity.US.kWh",0.000327039832
"electricity.NG.kWh",0.00014239
"electricity.NGCC.kWh",0.000141999999999999
"electricity.Coal.kWh",0.000947688999999999
"electricity.WECC.kWh",0.000357884088
"electricity.MRO.kWh",0.000473776844
"electricity.SPP.kWh",0.000374666992
"electricity.TRE.kWh",0.00024720764
"electricity.SERC.kWh",0.0003303964128
"electricity.RFC.kWh",0.000368921493333333
"electricity.NPCC.kWh",0.000204343196
"electricity.FRCC.kWh",0.000241310944
"electricity.nuclear.kWh",0
"naturalgas_select.MJ",0
"gasoline.MJ",7.2713e-06
"h2.kg",0.0123
"h2.naturalgas_select.MJ",0
"naturalgas.conventional.MJ",0
"naturalgas.shale.MJ",0
"uranium.kg",0
"zeolite.kg",0
"farmedmiscanthus.kg",7.34e-05
"farmedmi scanthus.kg",0
"ddgs_offset.kg",0
"biomass.MJ",0
"stearic_acid.kg",0
"irgafos168.kg",0
"pentaerythritol.kg",0
"steel.virgin.hotrolled.kg",0
"steel.virgin.coldrolled.kg",0
"steel.virgin.galvanized.kg",0
"aluminum.virgin.wrought.kg",0.0018454581915946
"naturalgas_combust.MJ",0
"heat.waste.MJ",0
"N20.kg",0
"pressboard.kg",0
"paper.kg",0
"other.kg",0
"SF6.kg",0
"epdm.kg",0
"copper.tungsten.kg",0
"ptfe.kg",0
"molecular.sieve.kg",0
"concrete.cby",0
"petroleum.coke.kWh",0
"heat.waste.kWh",0
"tire.kWh",0
"solvents.kWh",0
"waste.oil.kWh",0
"renewables.kWh",0
"electricity.Solar.kWh",0
"Li2CO3.kg",0
"PM2.5 (kg)",0
"LiOH.kg",0
"O2.kg",0
"ethylene.oxide.kg",0
"coal.tar.pitch.kg",0
"LPG.kWh",0
"distillate.oil.kWh",0
"refinary.still.gas.kWh",0
"recovered.energy.kWh",0
"ethylene.kg",0
"propane.kg",0
"methylamine",0
"electricity.kWh",0
"steam.kWh",0
"NiSO4.kg",0
"Na2CO3.kg",0
"Lithium.Brine.kg",0
"Lime.kg",0
"Organic.Solvent.kg",0
"Ethanol.kg",0
"Diesel.kWh",0
"Mn.mining",0
"limestone.kg",0
"SO4.kg",0
"kerosene.kg",0
"Na2S2O5.kg",0
"NH4HCO3.kg",0
"Al(OH)3.kg",0
"class1ni.kg",0
"ni.mining.kg",0
"ni.benefication.kg",0
"ni.mhp.refining.kg",0
"steel.virgin.hot.rolled.kg",0
"sulfur.kg",0
"oxygen.kg",0
"NaClO3.kg",0
"ni.generic.mining.kg",0
"ni.generic.beneficiation.kg",0
"ni.generic.primary.extraction.kg",0
"ni.generic.nickel.refining.kg",0
"NH4NO3.kg",0
"engine.oil.kg",0
"sand.kg",0
"nitrogen.kg",0
"1.4.butanediol.kg",0
"methanol.kg",0
"phosphoric.rock.kg",0
"crude.oil.feed.kWh",0
"natural.gas.feed.kWh",0
"carbon.steel.scrap.kg",0
"clays.kg",0
"deflocculant.poorcelain.kg",0
"sodium.triphosphate.kg",0
"carboxy.methyl.cellulose.kg",0
"cardboard.kg",0
"glue.kg",0
"melamine.formaldehyde.kg",0
"wood.feedstock.kg",0
"phenoformaldehyde.resin.kg",0
"catalyst.kg",0
"melamine.kg",0
"propane.kWh",0
"iron.steel.waste.kg",0
"backspacing.scrap.kg",0
"Fe.Si.75.kg",0
"bentonite.kg",0
"butane.kWh",0
"fertilizer.kg",0
"pesticides.kg",0
"herbicides.kg",0
"hexane.kg",0
"﻿diesel.MJ",0
"tankertruck.mt_km",1.74e-05
"rail.mt_km",3.83e-06
"﻿csl.kg",0
"ammonia.kg",0.00167928220251
"lpg.MJ",0
"flatbedtruck.mt_km",2.54e-05
"cl2.kg",0
"barge.mt_km",4.57e-06
"gaspipeline.mt_km",0
"liquidpipeline.mt_km",0
"na_brine.kg",0
"corn.bushel",0
"sugar_cane.wet_kg",0
"LFG.MJ (landfill gas)",0
"N-hexane.MJ",0
"butane.MJ",0
"refgas.MJ",0
"petcoke.MJ",0
"GTL.MJ",0
"﻿coal.MJ",0
"﻿electricity.NG.kWh",0
"﻿electricity.NGCC.kWh",0
"blendstock.MJ",0
"gtl.MJ",0
"﻿gaspipeline.mt_km",0
"lpg.kg",0
"landfill_mixedMSW.wet_kg",4.07e-07
"landfill_mixedorganics.wet_kg",1.36999999999999e-05
"﻿tankertruck.mt_km",0
"﻿atrazine.kg",0
"farmequip.NA",6.83e-07
"﻿urea.kg",0
"glycerin.kg",0.000214909
"formaldehyde.kg",0
"lignite.MJ",0
"geothermal.MJ",0
"electricity.Hydropower.kWh",0
"electricity.Wind.kWh",0
"antimony.kg",0
"chromium.kg",0
"iron.kg",0
"lead.kg",0
"molybdenum.kg",0
"silver.kg",0
"zinc.kg",0
"ddgs.kg",0
"triethylaluminum.kg",0
"char.MJ",0.000110233
"petrobutanol.MJ",0
"petrohexanol.MJ",0
"electricity.Lignin.kWh",0
"electricity.Renewables.kWh",0
"farmedstover.kg",9.08e-05
"farmedstraw.kg",9.08e-05
"farmedbrazilcane.kg",0
"steel_domestic.kg",0.001068483
"steel_canadian.kg",0.001068483
"steel_chinese.kg",0.001068483
"concrete.cu.m",0
"cement.kg",0
"flyash.kg",0
"silica.kg",0
"ligninpellets.MJ",0
"marinetanker.mt_km",1.35e-05
"heavytruck.china.mt_km",0
"rail.china.mt_km",0
"butadiene.kg",0
"corn_grain_ethanol.MJ",0
"sugarcane_ethanol.MJ",0
"corn_grain_ethanol_rolledup.MJ",0
"sugarcane_ethanol_rolledup.MJ",0
"corn_stover_ethanol_rolledup.MJ",0
"butadiene_via_butane.kg",0
"o2.kg",0
"ethylene_oxide.kg",0
"glyoxal.kg",0
"bromine.kg",0
"manganese.kg",0
"trimethylamine.kg",0
"manganese_sulfate.kg",0
"1-methylimidazole.kg",0
"1-bromoalkane.kg",0
"ammo.chloride.kg",0
"ethyl.acetate.kg",0
"etoh.ethylene.kg",0
"acetic.acid.kg",0
"ammonium.sulfate.kg",0
"citric.acid.kg",0
"lysine.us.kg",0
"lysine.china.kg",0
"electricity.china.kWh",0
"cholinium.hydroxide.kg",0
"cholinium.lysinate.kg",0
"corn.stover.kg",0
"switchgrass.kg",0
"ethylene.glycol.kg",0
"n_butanol.kg",0
"1_chloroethane.kg",0
"t_butanol.kg",0
"1_chlorobutane.kg",0
"meim.kg",0
"emimcl.kg",0
"emimaco.kg",0
"corn.stover.transportation.kg",0
"switchgrass.transportation.kg",0
"cs.ethanol.chly.production.kg",0
"sg.ethanol.chly.production.kg",0
"cs.ethanol.emimoac.production.kg",0
"sg.ethanol.emimoac.production.kg",0
"cs.ethanol.chly.distribution.kg",0
"sg.ethanol.chly.distribution.kg",0
"sorghum.kg",0
"inoculum.kg",0
"emim_acetate.kg",0
"landfill_cardboard.wet_kg",2.39e-06
"landfill_magazines.wet_kg",2.39e-06
"landfill_newspaper.wet_kg",2.39e-06
"landfill_officepaper.wet_kg",2.39e-06
"landfill_phonebooks.wet_kg",2.39e-06
"landfill_textbooks.wet_kg",2.39e-06
"landfill_lumber.wet_kg",2.39e-06
"landfill_fiberboard.wet_kg",2.39e-06
"landfill_foodwaste.wet_kg",4.07e-07
"landfill_foodwaste_nonmeat.wet_kg",4.07e-07
"landfill_foodwaste_meat.wet_kg",4.07e-07
"landfill_beef.wet_kg",4.07e-07
"landfill_poultry.wet_kg",4.07e-07
"landfill_grains.wet_kg",4.07e-07
"landfill_bread.wet_kg",4.07e-07
"landfill_fruit_vegetables.wet_kg",4.07e-07
"landfill_dairy_products.wet_kg",4.07e-07
"landfill_yard_trimmings.wet_kg",4.07e-07
"landfill_grass.wet_kg",4.07e-07
"landfill_leaves.wet_kg",4.07e-07
"landfill_branches.wet_kg",4.07e-07
"landfill_mixedpaper.wet_kg",2.39e-06
"landfill_residentialpaper.wet_kg",2.39e-06
"landfill_mixedofficepaper.wet_kg",2.39e-06
"landfill_mixedrecyclables.wet_kg",4.07e-07
"landfill_inorganics_wet.kg",4.07e-07
"biochar_ag_application.kg",0
"organics_composting_wet.kg",0
"compost_application.kg",0
"landfill_CO2_sequestration.kg",0
"polymers_WWT.kg",0
"ferric_chloride.kg",0
"calcium_hypochlorite.kg",0
"biosolids_land_application_dry.kg",0
"biogas_flare.m3",0.000192
"biogas_CHP.m3",0.000341
"biogas_biofilter.m3",0
"outdoor_compost.wet_kg",0.00024461
"Landfill_flare_m3",0.00065
"Compost_CO2_seq.kg",0
"diesel_combust.MJ",1.4925e-05
"Ag_residues_burning.kg",0.003
"alumina.kg",0
"﻿pentaerythritol.kg",0
"﻿irgafos168.kg",0
"Gasification.kWh",0
"Liquid_Digestate_Treatment.m3",0.00070765
"lipase.kg",0
"PETE.kg",0
"PVC.kg",0
"polypropylene.kg",0
"polysterene.kg",0
"uranium.g",0.132932524
"naturalgas.MJ",1.58727870409395e-05
