"","r"
"battery.assembly.kWh",0
"inverter.count",0
"transformer.count",0
"Switchgear.count",0
"Conductor.ft",0
"Conduit.ft",0
"BMS.kg",0
"Fire.cont",0
"HVAC.cont",0
"Battcont.cont",0
"Invcont.cont",0
"Found.quant",7.78197390829875e-05
"Rack.cont",0
"coal_combustion.MJ",4.38699383224235e-05
"purchased.electricity.cycle",0
"sold.electricity.cycle",0
"NMC-111.kg",0
"NMC-532.kg",0
"NMC-622.kg",0
"NMC-811.kg",0
"LFP-HT.kg",8.79747129857747e-05
"LFP-SS.kg",0
"NCA.kg",0
"LMO.kg",0.00145359546288794
"LiPF6.kg",3.64120879423712e-06
"PVFD.kg",3.43524198482118e-05
"ethylene.carbonate.kg",6.14011475057458e-07
"dimethyl.carbonate.kg",3.62963937895799e-06
"graphite.kg",0
"graphite.carbonization.kg",1.44137303857537e-05
"graphite.graphitization.kg",0
"HDPE.kg",6.775846209721e-05
"LDPE.kg",7.81105519107753e-05
"LLDPE.kg",6.88273141221396e-05
"PP.kg",4.4281165320376e-06
"PET.kg",5.25566996920159e-05
"NMP.kg",4.85077464905174e-06
"carbon.black.kg",1.210076245838e-05
"NMC-111(OH)2.kg",0.000108125376852571
"NMC-532(OH)2.kg",0.000108125376852571
"NMC-622(OH)2.kg",0.000108125376852571
"NMC-811(OH)2.kg",0.000108125376852571
"NCA(OH)2.kg",0.000108125376852571
"Li2CO3.Chile.kg",0.00024912228487023
"LiOH.Chile.kg",0.00106880074075299
"MnSO4.kg",0
"NH4OH.kg",0
"Mn2O3.kg",7.00138273891213e-06
"MnO.kg",0
"CoSO4.kg",2.85591102621847e-05
"Al2(SO4)3.kg",0
"Fe3O4.kg",2.58752073722559e-07
"FeSO4.kg",0
"NiSO4.class1Ni.kg",1.84791415201971e-06
"NiSO4.MHP.kg",0
"niso4.mhp.mining.kg",0
"niso4.mhp.beneficiation.kg",4.69107986794314e-05
"niso4.mhp.refining.kg",4.52195792478932e-06
"NiSO4.Generic.kg",0
"niso4.generic.mining.kg",0.00153832910147544
"niso4.generic.beneficiation.kg",6.83149731973082e-06
"niso4.generic.primary.extraction.kg",0.000173064414129907
"niso4.generic.nickel.refining.kg",1.4700919831126e-05
"class1Ni.kg",0
"class1Ni.ni.mining.kg",4.53636371655175e-05
"class1Ni.beneficiation.kg",3.93354756427851e-05
"class1Ni.primary.extraction.kg",0.000193622617382342
"class1Ni.ni.refining.kg",0.00011695557411884
"soda.ash.kg",4.70381674630864e-05
"GBL.kg",1.95990894911181e-06
"methylamine.kg",2.23915957605119e-05
"diammonium.phosphate.kg",6.49569823134201e-08
"phosphoric.acid.kg",2.99773475090527e-05
"copper.kg",0
"copper.ore.mining.US.kg",0
"copper.smelting.US.kg",0
"copper.drawing.wire.US.kg",0
"glass.fiber.kg",0
"glass.batch.preparation.kg",0
"glass.melting.kg",0
"glass.forming.kg",0
"glass.post.forming.kg",0
"epoxy.resin.kg",8.46354381961783e-06
"nylon.kg",2.03211031928438e-05
"PC.kg",0
"stainless.steel.machined.kg",0.000200641704834185
"ferronickel.kg",0
"ferrochromium.kg",0
"porcelain.kg",0
"mpp.pnw.m3",0
"lvl.pnw.m3",0.3337
"pig.iron.kg",0
"pig.iron.cupola.smelting.kg",0
"pig.iron.core.prod.kg",0
"pig.iron.moulding.kg",0
"pig.iron.cleaning.kg",0
"pig.iron.other.kg",0
"raw.iron.kg",0
"coke.kg",2.03596840776688e-06
"sf6.kg",0
"HFC.227ea.kg",0
"R410a.kg",0
"R32.kg",0
"R407.kg",0
"R454B.kg",0
"R1234yf.kg",0
"transformer.oil.kg",0
"atrazine.kg",0.00170832
"atrazine_brazil.kg",0.00150072872451274
"glyphosate.kg",0
"insecticide.kg",0.0027215592976
"insecticide_brazil.kg",0.00215314621016955
"cellulase.kg",0.00269037605001
"alpha_amylase.kg",0.00016105410486
"gluco_amylase.kg",0.00086373
"lime.kg",9.550193378e-05
"caco3.kg",2.3699665e-06
"caco3_brazil.kg",8.7964338e-07
"h2so4.kg",1.487e-06
"hcl.kg",6e-05
"naoh.kg",0.00027975415259
"csl.kg",0.00072717737235
"dap.kg",5.00338509e-06
"glucose.kg",0.0026233324535
"corn_starch.kg",0.00027421614715
"molasses.kg",4.2869607517e-05
"k2o.kg",5.4514630819e-05
"k2o_brazil.kg",4.0150649671e-05
"ammonia_conventional.kg",0
"ammonia_green.kg",0
"ammonia_brazil.kg",0.00038511073777
"n.kg",2.1574080627e-05
"urea.kg",6.4004638071e-05
"urea_brazil.kg",1.09340403309451e-07
"sbm.kg",0.00062742493121
"p2o5.kg",3.72547600469e-05
"p.kg",6.36430516833202e-08
"yeast.kg",1.0872269805165e-10
"corn_oil.kg",8.83002e-06
"nacl.kg",2.3944598282e-05
"coal.MJ",6.6652e-06
"diesel.MJ",2.41615495228573e-06
"rfo.MJ",1.99397122248358e-06
"ethylene.MJ",5.39054943097221e-08
"propene.MJ",5.70335034334667e-08
"acetone.kg",0.0035232
"crudeoil.MJ",1.26564281495791e-06
"electricity.US.kWh",0
"electricity.NG.kWh",0
"electricity.NGCC.kWh",0
"electricity.Coal.kWh",0
"electricity.WECC.kWh",0
"electricity.MRO.kWh",0
"electricity.SPP.kWh",0
"electricity.TRE.kWh",0
"electricity.SERC.kWh",0
"electricity.RFC.kWh",0
"electricity.NPCC.kWh",0
"electricity.FRCC.kWh",0
"electricity.nuclear.kWh",0
"naturalgas_select.MJ",0
"gasoline.MJ",1.938e-06
"h2.kg",0
"h2.naturalgas_select.MJ",0
"naturalgas.conventional.MJ",0
"naturalgas.shale.MJ",0
"uranium.kg",0
"zeolite.kg",0
"farmedmiscanthus.kg",0
"farmedmi scanthus.kg",0
"ddgs_offset.kg",0
"biomass.MJ",0
"stearic_acid.kg",0
"irgafos168.kg",0
"pentaerythritol.kg",0
"steel.virgin.hotrolled.kg",0
"steel.virgin.coldrolled.kg",0
"steel.virgin.galvanized.kg",0
"aluminum.virgin.wrought.kg",0.000330377741807169
"naturalgas_combust.MJ",6.1e-06
"heat.waste.MJ",0
"N20.kg",0
"pressboard.kg",0
"paper.kg",0
"other.kg",0
"SF6.kg",0
"epdm.kg",0
"copper.tungsten.kg",0
"ptfe.kg",0
"molecular.sieve.kg",0
"concrete.cby",0
"petroleum.coke.kWh",0
"heat.waste.kWh",0
"tire.kWh",0
"solvents.kWh",0
"waste.oil.kWh",0
"renewables.kWh",0
"electricity.Solar.kWh",0
"Li2CO3.kg",0
"PM2.5 (kg)",0
"LiOH.kg",0
"O2.kg",0
"ethylene.oxide.kg",0
"coal.tar.pitch.kg",0
"LPG.kWh",0
"distillate.oil.kWh",0
"refinary.still.gas.kWh",0
"recovered.energy.kWh",0
"ethylene.kg",0
"propane.kg",0
"methylamine",0
"electricity.kWh",0
"steam.kWh",0
"NiSO4.kg",0
"Na2CO3.kg",0
"Lithium.Brine.kg",0
"Lime.kg",0
"Organic.Solvent.kg",0
"Ethanol.kg",0
"Diesel.kWh",0
"Mn.mining",0
"limestone.kg",0
"SO4.kg",0
"kerosene.kg",0
"Na2S2O5.kg",0
"NH4HCO3.kg",0
"Al(OH)3.kg",0
"class1ni.kg",0
"ni.mining.kg",0
"ni.benefication.kg",0
"ni.mhp.refining.kg",0
"steel.virgin.hot.rolled.kg",0
"sulfur.kg",0
"oxygen.kg",0
"NaClO3.kg",0
"ni.generic.mining.kg",0
"ni.generic.beneficiation.kg",0
"ni.generic.primary.extraction.kg",0
"ni.generic.nickel.refining.kg",0
"NH4NO3.kg",0
"engine.oil.kg",0
"sand.kg",0
"nitrogen.kg",0
"1.4.butanediol.kg",0
"methanol.kg",0
"phosphoric.rock.kg",0
"crude.oil.feed.kWh",0
"natural.gas.feed.kWh",0
"carbon.steel.scrap.kg",0
"clays.kg",0
"deflocculant.poorcelain.kg",0
"sodium.triphosphate.kg",0
"carboxy.methyl.cellulose.kg",0
"cardboard.kg",0
"glue.kg",0
"melamine.formaldehyde.kg",0
"wood.feedstock.kg",0
"phenoformaldehyde.resin.kg",0
"catalyst.kg",0
"melamine.kg",0
"propane.kWh",0
"iron.steel.waste.kg",0
"backspacing.scrap.kg",0
"Fe.Si.75.kg",0
"bentonite.kg",0
"butane.kWh",0
"fertilizer.kg",0
"pesticides.kg",0
"herbicides.kg",0
"hexane.kg",0
"﻿diesel.MJ",0
"tankertruck.mt_km",0
"rail.mt_km",0
"﻿csl.kg",0
"ammonia.kg",0.00036783974469
"lpg.MJ",0
"flatbedtruck.mt_km",0
"cl2.kg",0
"barge.mt_km",0
"gaspipeline.mt_km",0
"liquidpipeline.mt_km",0
"na_brine.kg",0
"corn.bushel",0
"sugar_cane.wet_kg",0
"LFG.MJ (landfill gas)",0
"N-hexane.MJ",0
"butane.MJ",0
"refgas.MJ",0
"petcoke.MJ",0
"GTL.MJ",0
"﻿coal.MJ",0
"﻿electricity.NG.kWh",0
"﻿electricity.NGCC.kWh",0
"blendstock.MJ",0
"gtl.MJ",0
"﻿gaspipeline.mt_km",0
"lpg.kg",0
"landfill_mixedMSW.wet_kg",4.18e-08
"landfill_mixedorganics.wet_kg",1.51e-07
"﻿tankertruck.mt_km",0
"﻿atrazine.kg",0
"farmequip.NA",0
"﻿urea.kg",0
"glycerin.kg",0.00028322
"formaldehyde.kg",0
"lignite.MJ",0
"geothermal.MJ",0
"electricity.Hydropower.kWh",0
"electricity.Wind.kWh",0
"antimony.kg",0
"chromium.kg",0
"iron.kg",0
"lead.kg",0
"molybdenum.kg",0
"silver.kg",0
"zinc.kg",0
"ddgs.kg",0
"triethylaluminum.kg",0
"char.MJ",1.42025e-06
"petrobutanol.MJ",0
"petrohexanol.MJ",0
"electricity.Lignin.kWh",0
"electricity.Renewables.kWh",0
"farmedstover.kg",0
"farmedstraw.kg",0
"farmedbrazilcane.kg",0
"steel_domestic.kg",0
"steel_canadian.kg",0
"steel_chinese.kg",0
"concrete.cu.m",0
"cement.kg",0
"flyash.kg",0
"silica.kg",0
"ligninpellets.MJ",0
"marinetanker.mt_km",0
"heavytruck.china.mt_km",0
"rail.china.mt_km",0
"butadiene.kg",0
"corn_grain_ethanol.MJ",0
"sugarcane_ethanol.MJ",0
"corn_grain_ethanol_rolledup.MJ",0
"sugarcane_ethanol_rolledup.MJ",0
"corn_stover_ethanol_rolledup.MJ",0
"butadiene_via_butane.kg",0
"o2.kg",0
"ethylene_oxide.kg",0
"glyoxal.kg",0
"bromine.kg",0
"manganese.kg",0
"trimethylamine.kg",0
"manganese_sulfate.kg",0
"1-methylimidazole.kg",0
"1-bromoalkane.kg",0
"ammo.chloride.kg",0
"ethyl.acetate.kg",0
"etoh.ethylene.kg",0
"acetic.acid.kg",0
"ammonium.sulfate.kg",0
"citric.acid.kg",0
"lysine.us.kg",0
"lysine.china.kg",0
"electricity.china.kWh",0
"cholinium.hydroxide.kg",0
"cholinium.lysinate.kg",0
"corn.stover.kg",0
"switchgrass.kg",0
"ethylene.glycol.kg",0
"n_butanol.kg",0
"1_chloroethane.kg",0
"t_butanol.kg",0
"1_chlorobutane.kg",0
"meim.kg",0
"emimcl.kg",0
"emimaco.kg",0
"corn.stover.transportation.kg",0
"switchgrass.transportation.kg",0
"cs.ethanol.chly.production.kg",0
"sg.ethanol.chly.production.kg",0
"cs.ethanol.emimoac.production.kg",0
"sg.ethanol.emimoac.production.kg",0
"cs.ethanol.chly.distribution.kg",0
"sg.ethanol.chly.distribution.kg",0
"sorghum.kg",0
"inoculum.kg",0
"emim_acetate.kg",0
"landfill_cardboard.wet_kg",1.76999999999999e-07
"landfill_magazines.wet_kg",1.76999999999999e-07
"landfill_newspaper.wet_kg",1.76999999999999e-07
"landfill_officepaper.wet_kg",1.76999999999999e-07
"landfill_phonebooks.wet_kg",1.76999999999999e-07
"landfill_textbooks.wet_kg",1.76999999999999e-07
"landfill_lumber.wet_kg",1.76999999999999e-07
"landfill_fiberboard.wet_kg",1.76999999999999e-07
"landfill_foodwaste.wet_kg",4.18e-08
"landfill_foodwaste_nonmeat.wet_kg",4.18e-08
"landfill_foodwaste_meat.wet_kg",4.18e-08
"landfill_beef.wet_kg",4.18e-08
"landfill_poultry.wet_kg",4.18e-08
"landfill_grains.wet_kg",4.18e-08
"landfill_bread.wet_kg",4.18e-08
"landfill_fruit_vegetables.wet_kg",4.18e-08
"landfill_dairy_products.wet_kg",4.18e-08
"landfill_yard_trimmings.wet_kg",4.18e-08
"landfill_grass.wet_kg",4.18e-08
"landfill_leaves.wet_kg",4.18e-08
"landfill_branches.wet_kg",4.18e-08
"landfill_mixedpaper.wet_kg",1.76999999999999e-07
"landfill_residentialpaper.wet_kg",1.76999999999999e-07
"landfill_mixedofficepaper.wet_kg",1.76999999999999e-07
"landfill_mixedrecyclables.wet_kg",4.18e-08
"landfill_inorganics_wet.kg",4.18e-08
"biochar_ag_application.kg",0
"organics_composting_wet.kg",4.19e-05
"compost_application.kg",0
"landfill_CO2_sequestration.kg",0
"polymers_WWT.kg",0
"ferric_chloride.kg",0
"calcium_hypochlorite.kg",0
"biosolids_land_application_dry.kg",0
"biogas_flare.m3",4.97e-06
"biogas_CHP.m3",4.5465e-05
"biogas_biofilter.m3",0
"outdoor_compost.wet_kg",2.17e-05
"Landfill_flare_m3",0
"Compost_CO2_seq.kg",0
"diesel_combust.MJ",2.88e-06
"Ag_residues_burning.kg",0
"alumina.kg",0
"﻿pentaerythritol.kg",0
"﻿irgafos168.kg",0
"Gasification.kWh",0
"Liquid_Digestate_Treatment.m3",2.28e-06
"lipase.kg",0
"PETE.kg",0
"PVC.kg",0
"polypropylene.kg",0
"polysterene.kg",0
"uranium.g",0.02488
"naturalgas.MJ",6.14765185471943e-06
